<?xml version="1.0" encoding="UTF-8"?>

<mule xmlns:ee="http://www.mulesoft.org/schema/mule/ee/core" xmlns="http://www.mulesoft.org/schema/mule/core"
	xmlns:doc="http://www.mulesoft.org/schema/mule/documentation"
	xmlns:xsi="http://www.w3.org/2001/XMLSchema-instance" xsi:schemaLocation="http://www.mulesoft.org/schema/mule/core http://www.mulesoft.org/schema/mule/core/current/mule.xsd
http://www.mulesoft.org/schema/mule/ee/core http://www.mulesoft.org/schema/mule/ee/core/current/mule-ee.xsd">
	<sub-flow name="NaturalNumberSub_Flow" doc:id="c145fc96-a688-40bb-ac60-58efe5dbdddb" >
		<set-variable value="10" doc:name="Set Variable" doc:id="8c7372fc-4a2d-43a3-8fc0-77a9c5ed4035" variableName="NaturalNumber"/>
		<ee:transform doc:name="Transform Message" doc:id="d957693f-6d5e-4735-883b-f42de2eac76a" >
			<ee:message >
				<ee:set-payload ><![CDATA[
%dw 2.0 
output application/json
fun prepareList(list:Array, maxSize: Number) = if(sizeOf(list) >= maxSize )
list
else
prepareList(list ++ [(sizeOf(list) + 1) as Number],maxSize)
---
prepareList([],vars.NaturalNumber)]]></ee:set-payload>
			</ee:message>
		</ee:transform>
	</sub-flow>
</mule>
